{
  "total_questions": 24,
  "successful_predictions": 24,
  "failed_predictions": 0,
  "success_rate": 100.0,
  "avg_semantic_similarity": 0.5025832706968979,
  "min_semantic_similarity": 0.0,
  "max_semantic_similarity": 0.8464510172709699,
  "similarity_by_type": {
    "domain-relevant": {
      "mean": 0.7755671214554964,
      "count": 6,
      "min": 0.6764665605898126,
      "max": 0.8464510172709699
    },
    "metrics-generated": {
      "mean": 0.34755776733545335,
      "count": 15,
      "min": 0.0,
      "max": 0.5511361625470271
    },
    "novel-generated": {
      "mean": 0.7317430859869236,
      "count": 3,
      "min": 0.5785710500599093,
      "max": 0.8097358759969884
    }
  },
  "avg_retrieval_time_ms": 211.7148538430532,
  "avg_generation_time_ms": 5489.658832550049,
  "config": {
    "dataset_name": "financebench",
    "model_name": "meta-llama/Meta-Llama-3.1-70B-Instruct-Turbo",
    "embedding_model": "BAAI/bge-base-en-v1.5",
    "top_k_retrieval": 10,
    "temperature": 0.0,
    "max_tokens": 512,
    "chroma_path": "/Users/shawheen/Projects/myRAG/chroma",
    "output_dir": "/Users/shawheen/Projects/myRAG/bulk_runs",
    "timestamp": "2025-11-22_00-18-24"
  }
}